name,pref_1,pref_2,pref_3,pref_4,pref_5,pref_6,pref_7,pref_8,pref_9,pref_10,pref_11,pref_12,pref_13,pref_14,pref_15,pref_16,pref_17,pref_18
Alice Smith,shift-W-259,shift-W-175,shift-W-133,shift-W-076,shift-W-073,shift-W-001,shift-W-169,shift-W-208,shift-W-247,shift-W-199,shift-W-229,shift-W-214,shift-W-310,shift-W-127,shift-W-067,,,
Bob Smith,shift-W-026,shift-W-167,shift-W-023,shift-W-191,shift-W-269,shift-W-143,shift-W-014,shift-W-029,shift-W-104,shift-W-059,shift-W-275,,,,,,,
Carol Smith,shift-W-195,shift-W-267,shift-W-306,shift-W-174,shift-W-231,shift-W-246,shift-W-069,shift-W-006,shift-W-072,shift-W-288,shift-W-120,,,,,,,
Dave Smith,shift-E-166,shift-E-040,shift-E-067,shift-E-091,shift-E-160,shift-E-019,shift-E-169,shift-E-175,shift-E-187,shift-E-229,shift-E-049,shift-E-079,shift-E-070,shift-E-130,shift-E-178,,,
Eve Smith,shift-E-080,shift-E-212,shift-E-032,shift-E-200,shift-E-059,shift-E-164,shift-E-035,shift-E-107,shift-E-017,,,,,,,,,
Frank Smith,shift-E-132,shift-E-072,shift-E-171,shift-E-057,shift-E-231,shift-E-201,shift-E-144,shift-E-216,shift-E-084,shift-E-174,shift-E-123,shift-E-069,,,,,,
Grace Smith,shift-W-247,shift-W-106,shift-W-169,shift-W-217,shift-W-214,shift-W-082,shift-W-307,shift-W-073,shift-W-256,shift-W-145,shift-W-016,shift-W-220,shift-W-202,shift-W-277,shift-W-001,shift-W-271,shift-W-289,
Hank Smith,shift-E-037,shift-E-175,shift-E-040,shift-E-082,shift-E-136,shift-E-046,shift-E-094,shift-E-220,shift-E-034,shift-E-124,shift-E-181,,,,,,,
Iris Smith,shift-W-157,shift-W-262,shift-W-052,shift-W-229,shift-W-064,shift-W-211,shift-W-058,shift-W-085,shift-W-061,shift-W-268,,,,,,,,
Jack Smith,shift-W-197,shift-W-110,shift-W-215,shift-W-092,shift-W-260,shift-W-026,shift-W-086,shift-W-059,,,,,,,,,,
Karen Smith,shift-W-054,shift-W-288,shift-W-036,shift-W-180,shift-W-246,shift-W-030,shift-W-174,shift-W-090,shift-W-150,shift-W-267,shift-W-177,,,,,,,
Liam Smith,shift-E-097,shift-E-106,shift-E-022,shift-E-193,shift-E-121,shift-E-016,shift-E-094,shift-E-040,shift-E-109,shift-E-205,shift-E-178,shift-E-232,shift-E-223,shift-E-019,shift-E-037,,,
Mia Smith,shift-E-167,shift-E-032,shift-E-233,shift-E-212,shift-E-080,shift-E-101,shift-E-041,shift-E-056,shift-E-116,shift-E-083,,,,,,,,
Noah Smith,shift-E-105,shift-E-183,shift-E-063,shift-E-168,shift-E-021,shift-E-186,shift-E-198,shift-E-060,shift-E-126,shift-E-042,shift-E-144,shift-E-153,shift-E-228,shift-E-171,,,,
Olivia Smith,shift-W-193,shift-W-124,shift-W-181,shift-W-199,shift-W-301,shift-W-256,shift-W-151,shift-W-007,shift-W-088,shift-W-172,shift-W-214,shift-W-025,shift-W-100,,,,,
Peter Smith,shift-E-193,shift-E-196,shift-E-109,shift-E-049,shift-E-175,shift-E-031,shift-E-202,shift-E-184,shift-E-229,shift-E-040,shift-E-058,shift-E-010,shift-E-091,shift-E-127,shift-E-085,shift-E-130,shift-E-121,
Quinn Smith,shift-W-121,shift-W-034,shift-W-274,shift-W-010,shift-W-214,shift-W-130,shift-W-040,shift-W-190,shift-W-262,shift-W-124,shift-W-208,shift-W-235,shift-W-073,shift-W-220,shift-W-250,shift-W-298,,
Rachel Smith,shift-W-227,shift-W-113,shift-W-128,shift-W-146,shift-W-248,shift-W-014,shift-W-020,shift-W-062,shift-W-254,shift-W-005,shift-W-080,,,,,,,
Sam Smith,shift-W-222,shift-W-282,shift-W-147,shift-W-291,shift-W-192,shift-W-201,shift-W-228,shift-W-165,shift-W-240,shift-W-204,shift-W-138,shift-W-072,shift-W-225,shift-W-078,,,,
Tara Smith,shift-E-196,shift-E-112,shift-E-136,shift-E-223,shift-E-091,shift-E-118,shift-E-055,shift-E-082,shift-E-142,,,,,,,,,
Uma Smith,shift-E-107,shift-E-071,shift-E-059,shift-E-041,shift-E-101,shift-E-014,shift-E-035,shift-E-209,shift-E-164,shift-E-227,shift-E-194,shift-E-206,,,,,,
Victor Smith,shift-E-225,shift-E-030,shift-E-123,shift-E-219,shift-E-033,shift-E-156,shift-E-096,shift-E-135,shift-E-222,shift-E-234,shift-E-021,shift-E-054,,,,,,
Wendy Smith,shift-W-091,shift-W-109,shift-W-202,shift-W-115,shift-W-025,shift-W-118,shift-W-067,shift-W-013,shift-W-157,shift-W-124,shift-W-247,,,,,,,
Xander Smith,shift-E-157,shift-E-232,shift-E-046,shift-E-055,shift-E-211,shift-E-133,shift-E-049,shift-E-085,shift-E-163,shift-E-070,shift-E-073,shift-E-013,shift-E-061,shift-E-169,shift-E-112,,,
Yara Smith,shift-W-103,shift-W-004,shift-W-058,shift-W-091,shift-W-016,shift-W-304,shift-W-136,shift-W-229,shift-W-172,shift-W-115,shift-W-106,shift-W-283,shift-W-061,shift-W-292,shift-W-079,,,
Zoe Smith,shift-W-065,shift-W-266,shift-W-290,shift-W-236,shift-W-140,shift-W-281,shift-W-158,shift-W-287,shift-W-104,shift-W-296,shift-W-209,shift-W-056,,,,,,
Aaron Smith,shift-W-201,shift-W-309,shift-W-288,shift-W-180,shift-W-114,shift-W-246,shift-W-297,shift-W-099,shift-W-156,,,,,,,,,
Beth Smith,shift-E-151,shift-E-028,shift-E-121,shift-E-217,shift-E-025,shift-E-163,shift-E-115,shift-E-157,shift-E-007,shift-E-127,shift-E-079,shift-E-103,shift-E-061,,,,,
Chris Smith,shift-E-035,shift-E-104,shift-E-194,shift-E-077,shift-E-143,shift-E-227,shift-E-224,shift-E-122,shift-E-071,shift-E-089,shift-E-119,,,,,,,
Diana Smith,shift-E-168,shift-E-234,shift-E-180,shift-E-111,shift-E-231,shift-E-165,shift-E-084,shift-E-054,shift-E-042,shift-E-021,shift-E-075,shift-E-174,shift-E-228,,,,,
Ethan Smith,shift-W-226,shift-W-094,shift-W-247,shift-W-007,shift-W-304,shift-W-004,shift-W-196,shift-W-148,shift-W-067,shift-W-211,shift-W-085,shift-W-190,shift-W-058,,,,,
Fiona Smith,shift-E-205,shift-E-052,shift-E-172,shift-E-142,shift-E-136,shift-E-109,shift-E-007,shift-E-112,shift-E-127,shift-E-091,shift-E-130,shift-E-094,shift-E-076,shift-E-004,shift-E-010,shift-E-115,shift-E-013,
George Smith,shift-W-250,shift-W-076,shift-W-166,shift-W-280,shift-W-223,shift-W-091,shift-W-022,shift-W-136,shift-W-178,shift-W-100,shift-W-289,shift-W-013,shift-W-163,,,,,
Hannah Smith,shift-W-248,shift-W-203,shift-W-146,shift-W-023,shift-W-152,shift-W-059,shift-W-215,shift-W-251,shift-W-101,,,,,,,,,
Ivan Smith,shift-W-120,shift-W-138,shift-W-243,shift-W-198,shift-W-234,shift-W-309,,,,,,,,,,,,
Julia Smith,shift-E-157,shift-E-019,shift-E-094,shift-E-004,shift-E-106,shift-E-013,shift-E-100,shift-E-097,shift-E-145,shift-E-217,shift-E-139,shift-E-226,,,,,,
Kevin Smith,shift-E-011,shift-E-008,shift-E-029,shift-E-041,shift-E-014,shift-E-167,shift-E-059,shift-E-140,shift-E-047,shift-E-089,shift-E-050,,,,,,,
Laura Smith,shift-E-225,shift-E-174,shift-E-234,shift-E-159,shift-E-102,shift-E-012,shift-E-195,,,,,,,,,,,
Mike Smith,shift-W-217,shift-W-088,shift-W-022,shift-W-190,shift-W-109,shift-W-097,shift-W-295,shift-W-307,shift-W-103,shift-W-247,shift-W-253,shift-W-211,shift-W-235,shift-W-139,shift-W-199,shift-W-034,shift-W-130,shift-W-070
Nora Smith,shift-E-196,shift-E-022,shift-E-094,shift-E-025,shift-E-067,shift-E-034,shift-E-028,shift-E-217,shift-E-100,shift-E-124,shift-E-178,shift-E-007,,,,,,
Oscar Smith,shift-W-118,shift-W-004,shift-W-121,shift-W-139,shift-W-184,shift-W-181,shift-W-166,shift-W-238,shift-W-262,shift-W-256,,,,,,,,
Paula Smith,shift-W-185,shift-W-023,shift-W-284,shift-W-056,shift-W-254,shift-W-101,shift-W-002,shift-W-236,shift-W-116,shift-W-218,shift-W-092,shift-W-209,,,,,,
Rex Smith,shift-W-240,shift-W-300,shift-W-123,shift-W-294,shift-W-030,shift-W-201,shift-W-033,shift-W-297,shift-W-153,shift-W-165,shift-W-171,shift-W-276,,,,,,
Sara Smith,shift-E-124,shift-E-115,shift-E-109,shift-E-214,shift-E-040,shift-E-037,shift-E-130,shift-E-151,shift-E-085,shift-E-058,shift-E-184,shift-E-004,shift-E-091,shift-E-064,shift-E-118,,,
Theo Smith,shift-E-200,shift-E-218,shift-E-068,shift-E-074,shift-E-230,shift-E-131,shift-E-137,shift-E-101,shift-E-038,shift-E-029,shift-E-053,,,,,,,
Uri Smith,shift-E-021,shift-E-198,shift-E-090,shift-E-012,shift-E-108,shift-E-141,shift-E-027,shift-E-063,,,,,,,,,,
Val Smith,shift-W-031,shift-W-175,shift-W-037,shift-W-133,shift-W-055,shift-W-025,shift-W-046,shift-W-241,shift-W-028,shift-W-130,shift-W-112,shift-W-193,shift-W-118,shift-W-199,shift-W-232,shift-W-097,shift-W-148,shift-W-178
Wren Smith,shift-E-196,shift-E-145,shift-E-130,shift-E-046,shift-E-133,shift-E-175,shift-E-178,shift-E-184,shift-E-016,shift-E-103,shift-E-208,shift-E-136,shift-E-073,shift-E-106,shift-E-154,shift-E-010,shift-E-070,
Alice Jones,shift-W-040,shift-W-286,shift-W-196,shift-W-103,shift-W-220,shift-W-058,shift-W-268,shift-W-301,shift-W-010,shift-W-127,shift-W-142,shift-W-106,shift-W-259,,,,,
Bob Jones,shift-W-311,shift-W-239,shift-W-152,shift-W-230,shift-W-074,shift-W-041,shift-W-065,shift-W-221,shift-W-149,shift-W-125,shift-W-113,shift-W-122,shift-W-035,shift-W-155,,,,
Carol Jones,shift-W-189,shift-W-150,shift-W-114,shift-W-276,shift-W-240,shift-W-261,shift-W-129,shift-W-171,shift-W-081,shift-W-078,shift-W-249,shift-W-279,shift-W-003,shift-W-234,,,,
Dave Jones,shift-E-151,shift-E-133,shift-E-202,shift-E-157,shift-E-154,shift-E-166,shift-E-109,shift-E-022,,,,,,,,,,
Eve Jones,shift-E-059,shift-E-029,shift-E-110,shift-E-017,shift-E-032,shift-E-131,shift-E-224,shift-E-164,shift-E-095,,,,,,,,,
Frank Jones,shift-E-060,shift-E-117,shift-E-195,shift-E-066,shift-E-078,shift-E-069,shift-E-111,shift-E-201,shift-E-126,,,,,,,,,
Grace Jones,shift-W-283,shift-W-133,shift-W-250,shift-W-175,shift-W-286,shift-W-151,shift-W-307,shift-W-199,shift-W-124,shift-W-187,shift-W-061,shift-W-301,shift-W-073,shift-W-109,shift-W-130,,,
Hank Jones,shift-E-181,shift-E-115,shift-E-010,shift-E-166,shift-E-232,shift-E-178,shift-E-124,shift-E-190,shift-E-142,shift-E-136,shift-E-067,shift-E-148,,,,,,
Iris Jones,shift-W-091,shift-W-301,shift-W-205,shift-W-133,shift-W-082,shift-W-160,shift-W-310,shift-W-169,,,,,,,,,,
Jack Jones,shift-W-161,shift-W-176,shift-W-263,shift-W-095,shift-W-239,shift-W-119,shift-W-041,shift-W-308,shift-W-134,,,,,,,,,
Karen Jones,shift-W-204,shift-W-045,shift-W-258,shift-W-255,shift-W-159,shift-W-198,shift-W-144,shift-W-183,,,,,,,,,,
Liam Jones,shift-E-067,shift-E-025,shift-E-187,shift-E-088,shift-E-034,shift-E-040,shift-E-178,shift-E-148,shift-E-094,shift-E-223,shift-E-232,shift-E-049,shift-E-169,,,,,
Mia Jones,shift-E-005,shift-E-119,shift-E-062,shift-E-080,shift-E-167,shift-E-026,shift-E-203,shift-E-011,shift-E-053,shift-E-098,,,,,,,,
Noah Jones,shift-E-213,shift-E-162,shift-E-183,shift-E-156,shift-E-189,shift-E-096,shift-E-225,,,,,,,,,,,
Olivia Jones,shift-W-148,shift-W-277,shift-W-112,shift-W-067,shift-W-289,shift-W-271,shift-W-310,shift-W-274,shift-W-199,shift-W-232,shift-W-238,shift-W-265,,,,,,
Peter Jones,shift-E-211,shift-E-202,shift-E-058,shift-E-085,shift-E-151,shift-E-007,shift-E-163,shift-E-169,shift-E-064,shift-E-154,shift-E-187,shift-E-121,shift-E-199,shift-E-205,shift-E-001,shift-E-106,shift-E-103,shift-E-181
Quinn Jones,shift-W-115,shift-W-010,shift-W-091,shift-W-247,shift-W-238,shift-W-232,shift-W-244,shift-W-052,shift-W-154,,,,,,,,,
Rachel Jones,shift-W-002,shift-W-119,shift-W-197,shift-W-092,shift-W-080,shift-W-227,shift-W-116,shift-W-278,shift-W-032,shift-W-020,shift-W-110,shift-W-095,shift-W-212,shift-W-236,shift-W-107,shift-W-185,,
Sam Jones,shift-W-006,shift-W-306,shift-W-039,shift-W-183,shift-W-066,shift-W-123,shift-W-240,shift-W-171,shift-W-303,shift-W-198,shift-W-174,shift-W-105,,,,,,
Tara Jones,shift-E-031,shift-E-112,shift-E-220,shift-E-157,shift-E-001,shift-E-130,shift-E-151,shift-E-196,shift-E-181,shift-E-070,shift-E-217,shift-E-133,shift-E-148,,,,,
Uma Jones,shift-E-128,shift-E-158,shift-E-095,shift-E-155,shift-E-161,shift-E-008,shift-E-068,shift-E-038,,,,,,,,,,
Victor Jones,shift-E-114,shift-E-207,shift-E-093,shift-E-030,shift-E-219,shift-E-165,shift-E-096,shift-E-054,shift-E-063,shift-E-189,shift-E-105,shift-E-102,,,,,,
Wendy Jones,shift-W-292,shift-W-247,shift-W-271,shift-W-001,shift-W-310,shift-W-208,shift-W-289,shift-W-235,shift-W-217,shift-W-211,shift-W-112,,,,,,,
Xander Jones,shift-E-151,shift-E-127,shift-E-067,shift-E-046,shift-E-079,shift-E-118,shift-E-157,shift-E-190,shift-E-202,shift-E-007,shift-E-169,shift-E-160,,,,,,
Yara Jones,shift-W-256,shift-W-100,shift-W-292,shift-W-271,shift-W-241,shift-W-064,shift-W-196,shift-W-079,shift-W-106,shift-W-076,shift-W-259,shift-W-199,shift-W-004,shift-W-181,shift-W-073,shift-W-046,,
Zoe Jones,shift-W-146,shift-W-197,shift-W-134,shift-W-068,shift-W-161,shift-W-227,shift-W-062,shift-W-269,shift-W-104,shift-W-167,shift-W-128,,,,,,,
Aaron Jones,shift-W-213,shift-W-297,shift-W-189,shift-W-123,shift-W-081,shift-W-051,shift-W-075,shift-W-174,shift-W-201,shift-W-240,,,,,,,,
Beth Jones,shift-E-088,shift-E-070,shift-E-100,shift-E-040,shift-E-091,shift-E-055,shift-E-037,shift-E-178,shift-E-007,shift-E-079,shift-E-166,shift-E-169,shift-E-058,shift-E-214,shift-E-175,,,
Chris Jones,shift-E-032,shift-E-047,shift-E-107,shift-E-125,shift-E-059,shift-E-167,shift-E-116,shift-E-224,shift-E-176,shift-E-041,shift-E-233,shift-E-056,shift-E-083,shift-E-104,shift-E-044,,,
Diana Jones,shift-E-219,shift-E-144,shift-E-060,shift-E-003,shift-E-234,shift-E-189,shift-E-009,shift-E-075,shift-E-126,shift-E-195,shift-E-012,,,,,,,
Ethan Jones,shift-W-304,shift-W-127,shift-W-043,shift-W-277,shift-W-151,shift-W-202,shift-W-157,shift-W-274,shift-W-136,shift-W-292,shift-W-193,shift-W-022,shift-W-046,shift-W-004,shift-W-100,shift-W-028,,
Fiona Jones,shift-E-214,shift-E-058,shift-E-043,shift-E-202,shift-E-076,shift-E-199,shift-E-091,shift-E-082,shift-E-100,shift-E-016,shift-E-133,shift-E-055,shift-E-142,shift-E-118,shift-E-136,,,
George Jones,shift-W-226,shift-W-025,shift-W-190,shift-W-118,shift-W-169,shift-W-127,shift-W-163,shift-W-166,shift-W-073,shift-W-223,shift-W-256,shift-W-295,shift-W-142,,,,,
Hannah Jones,shift-W-275,shift-W-269,shift-W-110,shift-W-251,shift-W-128,shift-W-149,shift-W-083,shift-W-221,shift-W-107,shift-W-167,shift-W-158,shift-W-236,shift-W-005,shift-W-101,shift-W-026,,,
Ivan Jones,shift-W-111,shift-W-279,shift-W-222,shift-W-168,shift-W-177,shift-W-039,shift-W-198,shift-W-003,shift-W-027,shift-W-135,shift-W-012,,,,,,,
Julia Jones,shift-E-124,shift-E-133,shift-E-229,shift-E-139,shift-E-061,shift-E-208,shift-E-169,shift-E-079,,,,,,,,,,
Kevin Jones,shift-E-122,shift-E-017,shift-E-152,shift-E-185,shift-E-008,shift-E-218,shift-E-095,shift-E-032,shift-E-062,shift-E-221,shift-E-197,shift-E-071,shift-E-155,shift-E-137,shift-E-203,,,
Laura Jones,shift-E-138,shift-E-012,shift-E-114,shift-E-156,shift-E-213,shift-E-084,shift-E-129,shift-E-201,shift-E-204,shift-E-132,shift-E-006,shift-E-024,shift-E-111,,,,,
Mike Jones,shift-W-181,shift-W-157,shift-W-145,shift-W-238,shift-W-100,shift-W-154,shift-W-169,shift-W-298,shift-W-187,shift-W-106,shift-W-007,shift-W-118,,,,,,
Nora Jones,shift-E-181,shift-E-112,shift-E-136,shift-E-190,shift-E-193,shift-E-004,shift-E-064,shift-E-088,shift-E-031,shift-E-040,shift-E-094,shift-E-232,shift-E-010,shift-E-049,shift-E-079,,,
Oscar Jones,shift-W-217,shift-W-160,shift-W-262,shift-W-277,shift-W-154,shift-W-271,shift-W-007,shift-W-004,shift-W-280,shift-W-145,shift-W-181,shift-W-064,,,,,,
Paula Jones,shift-W-083,shift-W-077,shift-W-128,shift-W-041,shift-W-080,shift-W-140,shift-W-281,shift-W-044,,,,,,,,,,
Rex Jones,shift-W-084,shift-W-297,shift-W-309,shift-W-249,shift-W-060,shift-W-066,shift-W-138,shift-W-186,shift-W-168,,,,,,,,,
Sara Jones,shift-E-073,shift-E-121,shift-E-055,shift-E-208,shift-E-025,shift-E-067,shift-E-019,shift-E-130,shift-E-022,shift-E-154,shift-E-049,shift-E-139,shift-E-058,shift-E-064,shift-E-223,,,
Theo Jones,shift-E-107,shift-E-200,shift-E-167,shift-E-035,shift-E-017,shift-E-110,shift-E-227,shift-E-023,,,,,,,,,,
Uri Jones,shift-E-096,shift-E-009,shift-E-057,shift-E-015,shift-E-234,shift-E-192,shift-E-135,shift-E-072,shift-E-174,shift-E-120,shift-E-168,shift-E-108,shift-E-147,shift-E-216,,,,
Val Jones,shift-W-049,shift-W-181,shift-W-043,shift-W-289,shift-W-109,shift-W-205,shift-W-157,shift-W-169,shift-W-061,shift-W-142,shift-W-208,shift-W-292,shift-W-283,shift-W-184,,,,
Wren Jones,shift-E-058,shift-E-232,shift-E-112,shift-E-046,shift-E-217,shift-E-010,shift-E-214,shift-E-100,shift-E-001,shift-E-076,shift-E-004,shift-E-070,shift-E-085,shift-E-166,shift-E-163,shift-E-007,shift-E-148,shift-E-082
